DATASET,DefaultAccuracy,TotalDistinctClasses,UnseenInTrain,RatioTotalToPower,RatioUnseenToTest,Attributes,Distinct labelsets,Instances,Labels,LxIxF,Ratio of number of instances to the number of attributes,Cardinality,Density,Maximal entropy of labels,Mean of entropies of labels,Minimal entropy of labels,Standard deviation of label cardinality,CVIR inter class,Kurtosis cardinality,Max IR inter class,Max IR intra class,Max IR per labelset,Mean of IR inter class,Mean of IR intra class,Mean of IR per labelset,Mean of standard deviation of IR intra class,Proportion of maxim label combination (PMax),Proportion of unique label combination (PUniq),Skewness cardinality,Average examples per labelset,Bound,Diversity,Number of labelsets up to 10 examples,Number of labelsets up to 2 examples,Number of labelsets up to 50 examples,Number of labelsets up to 5 examples,Mean examples per labelset,Number of unconditionally dependent label pairs by chi-square test,Proportion of distinct labelsets,Ratio of number of labelsets up to 10 examples,Ratio of number of labelsets up to 2 examples,Ratio of number of labelsets up to 50 examples,Ratio of number of labelsets up to 5 examples,Ratio of unconditionally dependent label pairs by chi-square test,SCUMBLE,Standard deviation of examples per labelset,Number of unique labelsets,Average absolute correlation between numeric attributes,Average gain ratio,Number of binary attributes,Mean of entropies of nominal attributes,Mean of kurtosis,Mean of mean of numeric attributes,Mean of skewness of numeric attributes,Mean of standard deviation of numeric attributes,Number of nominal attributes,Number of numeric attributes,Proportion of binary attributes,Proportion of nominal attributes,Proportion of numeric attributes,Proportion of numeric attributes with outliers
ABPM,0.28395061728395005,16.0,0.0,16.0,0.0,33.0,16.0,81.0,6.0,16038.0,2.454545454545454,3.9876543209876543,0.6646090534979421,0.9182958340544891,0.5990032135831951,0.0,0.9013022129188111,1.606350865456717,-0.569511460717053,16.2,15.2,23.0,3.787437343358396,4.696439393939394,9.408583603896105,25.172622793795146,0.28395061728395005,0.024691358024691003,,5.0625,64.0,0.25,14.0,9.0,16.0,10.0,5.0625,0.0,0.19753086419753002,0.875,0.5625,1.0,0.625,0.0,0.043090558450204,5.459724695440238,2.0,0.269181538593809,0.040539981582957005,2.0,0.598263318100279,2.888930546837987,69.97670249183595,0.0036141861720630003,20.10410862353005,2.0,31.0,0.060606060606060004,0.060606060606060004,0.9393939393939391,0.41935483870967705
ARABIC200,0.16299257567104503,358.0,0.0,358.0,0.0,200.0,358.0,8755.0,40.0,70040000.0,43.775,1.253569388920616,0.031339234723015,0.656304976999987,0.182142232512604,0.063187349096456,0.5000657892057351,0.6487969430113371,3.723940932081509,22.815384615384616,133.69230769230768,1427.0,9.860237493903238,57.21064009381176,813.6155814771538,4103.1250306741695,0.16299257567104503,0.018389491719017003,2.025835098900369,24.455307262569832,8755.0,0.040890919474585,279.0,208.0,313.0,260.0,24.455307262569832,229.0,0.040890919474585,0.7793296089385471,0.581005586592178,0.8743016759776531,0.726256983240223,0.29358974358974305,0.025553611082524002,95.72304651359636,161.0,0.001812942332458,0.0018899393165950002,0.0,,145.65354393891457,0.034921669194174006,9.769331366070094,0.21638303316675503,0.0,200.0,0.0,0.0,1.0,0.92
BIBTEX,0.069899665551839,1388.0,0.0,1388.0,0.0,1836.0,1388.0,2990.0,159.0,872852760.0,1.628540305010893,2.362541806020067,0.014858753496981,0.5586293734521981,0.106205688461094,0.045542354585445005,1.676895589003192,0.43293160955048304,9.365087151331993,26.0,198.33333333333334,209.0,12.005336572731245,91.04091372427285,175.75954754312747,1450.572327044025,0.069899665551839,0.355852842809364,0.308207324086311,2.154178674351585,2990.0,0.46421404682274203,1355.0,1188.0,1386.0,1298.0,2.154178674351585,953.0,0.46421404682274203,0.9762247838616711,0.8559077809798271,0.998559077809798,0.935158501440922,0.075869755592707,0.09126604866278101,6.620693138905255,1064.0,,,1836.0,0.18385090050102101,,,,,1836.0,0.0,1.0,1.0,0.0,
BIRDS,0.46551724137931005,74.0,0.0,74.0,0.0,260.0,74.0,290.0,19.0,1432600.0,1.115384615384615,0.96551724137931,0.050816696914700005,0.5787946246321191,0.268920353575726,0.033172806419429005,1.137068367346505,1.42819172861845,0.6536650502933741,40.0,289.0,135.0,6.059898993335526,42.93426770168256,95.11727799227798,130.26315789473685,0.46551724137931005,0.134482758620689,0.792412668137195,3.9189189189189193,290.0,0.255172413793103,72.0,58.0,73.0,68.0,3.9189189189189193,17.0,0.255172413793103,0.972972972972973,0.7837837837837831,0.9864864864864861,0.9189189189189191,0.09941520467836201,0.034093294938782,15.487359062253182,39.0,0.123375429253848,0.007045464223308001,1.0,0.9905217643092181,65.22385279840712,21.19575468350709,6.385091999381218,55.134073104380484,2.0,258.0,0.0038461538461530003,0.007692307692307001,0.9923076923076921,0.9496124031007751
CAL500,0.008695652173913,200.0,0.0,200.0,0.0,68.0,200.0,230.0,174.0,2721360.0,3.38235294117647,26.221739130434784,0.15069965017491202,0.9997818120566601,0.47665730342750806,0.0,6.072233067782109,1.338490990777705,1.129945485756402,200.0,229.0,2.0,21.957140470250852,24.046251653021187,1.85,83.29310344827586,0.008695652173913,0.7391304347826081,0.07220845470597101,1.15,230.0,0.8695652173913041,200.0,200.0,200.0,200.0,1.15,2049.0,0.8695652173913041,1.0,1.0,1.0,1.0,0.136137133745266,0.32983789492257204,0.35707142142714304,170.0,,0.00273296360117,0.0,,3.831091102720967,-0.518521351214834,1.01198068289139,0.30967816160607603,0.0,68.0,0.0,0.0,1.0,0.323529411764705
CHD_49,0.15300546448087401,25.0,0.0,25.0,0.0,49.0,25.0,183.0,6.0,53802.0,3.73469387755102,2.562841530054644,0.427140255009107,0.999461437116242,0.8003141913961681,0.15174888675233802,0.957983580591734,1.893195435978104,-0.444815207684891,35.25,44.75,28.0,7.249688242235482,8.996571867791916,12.332668105200609,33.346014175476924,0.15300546448087401,0.038251366120218004,,7.32,64.0,0.390625,18.0,11.0,25.0,17.0,7.32,4.0,0.136612021857923,0.72,0.44,1.0,0.68,0.266666666666666,0.041284156838577,7.948433807990099,7.0,,0.0029200712870950003,0.0,,-0.9027465597450681,-0.25961860153897603,0.518799256696724,0.841855453564959,0.0,49.0,0.0,0.0,1.0,0.0
COREL5K,0.013793103448275001,1497.0,0.0,1497.0,0.0,499.0,1497.0,2030.0,374.0,378850780.0,4.06813627254509,3.515270935960591,0.009399120149627,0.763214008087552,0.06088988104898901,0.0,0.674475354579797,1.07478298226896,0.684406672665258,450.0,2029.0,28.0,125.08895290868558,527.1432028616824,25.250471782573626,995.9197860962566,0.013793103448275001,0.6142857142857141,,1.356045424181696,2030.0,0.7374384236453201,1490.0,1408.0,1497.0,1476.0,1.356045424181696,1286.0,0.7374384236453201,0.995323981295925,0.9405477621910481,1.0,0.9859719438877751,0.018437011655746002,0.38800465013310004,1.439315271059951,1247.0,,0.00023116919310100002,499.0,0.11786360746079401,,,,,499.0,0.0,1.0,1.0,0.0,
DELICIOUS,0.0010819165378670001,6373.0,0.0,6373.0,0.0,500.0,6373.0,6470.0,983.0,3180005000.0,12.94,18.936012364760433,0.019263491724069,0.9721138166715971,0.11036270269690801,0.012219283736328001,5.082341148253178,0.776696947866199,0.884087560280686,371.57142857142856,923.2857142857143,7.0,72.56250790664807,179.4995871418727,6.960241121397564,3110.3652085452695,0.0010819165378670001,0.9746522411128281,,1.015220461321198,6470.0,0.98500772797527,6373.0,6364.0,6373.0,6369.0,1.015220461321198,42874.0,0.98500772797527,1.0,0.9985877922485481,1.0,0.999372352110466,0.088829863276515,0.53086307578485,0.19386625003232802,6306.0,,0.000844572285856,500.0,0.20888801003888202,,,,,500.0,0.0,1.0,1.0,0.0,
EMOTIONS,0.129629629629629,24.0,0.0,24.0,0.0,72.0,24.0,270.0,6.0,116640.0,3.75,1.829629629629629,0.304938271604938,0.9856640314885611,0.8738421865958651,0.8083297935350481,0.695612813090673,0.19747723138025303,-0.9230921599998311,1.7313432835820892,3.029850746268657,35.0,1.463109987783541,2.405514626737552,9.209007745726497,52.666666666666664,0.129629629629629,0.007407407407407001,3.533872473308071,11.25,64.0,0.375,15.0,6.0,24.0,11.0,11.25,12.0,0.088888888888888,0.625,0.25,1.0,0.45833333333333304,0.8,0.010421902217928,10.71311501540674,2.0,,0.052958459843372004,0.0,,3.722226504914296,2.77419463894033,1.053449688288496,0.9869754680072841,0.0,72.0,0.0,0.0,1.0,0.416666666666666
ENRON,0.09718309859154901,370.0,0.0,370.0,0.0,1001.0,370.0,710.0,53.0,37667630.0,0.709290709290709,3.336619718309859,0.062955089024714,1.000000000000001,0.238439128569531,0.015370920838781001,1.535911396699215,1.302353173570846,1.238874242461487,361.0,709.0,69.0,60.723696169734275,118.43015206577905,59.043963108963105,310.52830188679246,0.09718309859154901,0.404225352112676,0.6448092896997151,1.918918918918918,710.0,0.52112676056338,365.0,329.0,369.0,354.0,1.918918918918918,110.0,0.52112676056338,0.9864864864864861,0.8891891891891891,0.9972972972972971,0.9567567567567561,0.079825834542815,0.291371355494755,4.526070895399501,287.0,,0.004350679890397001,1001.0,0.36429169364427005,,,,,1001.0,0.0,1.0,1.0,0.0,
FLAGS,0.19090909090909,34.0,0.0,34.0,0.0,19.0,34.0,110.0,7.0,14630.0,5.789473684210526,3.427272727272727,0.48961038961038905,0.9997615248696311,0.8196534099904551,0.5746356978376791,1.2300450570481711,0.7635135453164861,-0.10935972159807601,6.333333333333333,6.333333333333333,21.0,2.534611992945326,3.164887794198139,12.35735294117647,20.0,0.19090909090909,0.127272727272727,0.8652837122857221,3.235294117647059,110.0,0.309090909090909,33.0,20.0,34.0,30.0,3.235294117647059,8.0,0.309090909090909,0.9705882352941171,0.5882352941176471,1.0,0.8823529411764701,0.38095238095238004,0.067202639793647,3.694660881751107,14.0,,0.048264345545807004,5.0,0.725419827038935,14.26395028431904,93.15363636363637,3.144306623850133,232.66188284490278,9.0,10.0,0.26315789473684204,0.47368421052631504,0.5263157894736841,0.30000000000000004
FOODTRUCK,0.335616438356164,58.0,0.0,58.0,0.0,28.0,58.0,146.0,12.0,49056.0,5.214285714285714,2.267123287671233,0.18892694063926901,0.939453206818135,0.530647552913586,0.21526030434120302,7.638493002056477,0.7281356898482271,-1.904699748774105,4.7,28.2,49.0,1.430506325996052,10.079341330971767,39.05766283524904,52.583333333333336,0.335616438356164,0.273972602739726,0.047006784962692005,2.5172413793103443,146.0,0.39726027397260205,57.0,48.0,58.0,56.0,2.5172413793103443,8.0,0.39726027397260205,0.982758620689655,0.827586206896551,1.0,0.96551724137931,0.12121212121212101,0.031643329701035006,6.325213310592352,40.0,0.21831042318784102,0.006011449620087,11.0,0.66863085484339,1.733514941293286,4.202054794520548,-0.35733634440712003,1.37849669221145,11.0,17.0,0.392857142857142,0.392857142857142,0.6071428571428571,0.11764705882352901
GENBASE,0.222602739726027,24.0,0.0,24.0,0.0,1185.0,24.0,292.0,27.0,9342540.0,0.24641350210970403,1.256849315068493,0.046549974632166,0.7648916326406761,0.23259538784011702,0.0,24.538964814024954,0.060642851343705007,-2.010693680373645,1.286343612334801,291.0,65.0,1.052169918994517,43.68522223747214,22.383185471727135,132.40740740740742,0.222602739726027,0.017123287671232,0.008285370752041001,12.166666666666666,292.0,0.08219178082191701,15.0,7.0,23.0,11.0,12.166666666666666,34.0,0.08219178082191701,0.625,0.291666666666666,0.958333333333333,0.45833333333333304,0.09686609686609601,0.001483555471469,15.048994060143096,5.0,,0.0005931921302080001,1185.0,0.011041310204444,,,,,1185.0,0.0,1.0,1.0,0.0,
GNEGATIVEGO,0.36819172113289705,15.0,0.0,15.0,0.0,1717.0,15.0,459.0,8.0,6304824.0,0.267326732673267,1.056644880174292,0.132080610021786,0.964785487477222,0.45076586569958405,0.05683240450033,0.2314150183814,1.324209100737556,12.866668772650186,59.666666666666664,152.0,169.0,17.20730120665831,43.12375002154282,63.70004824151883,168.87595244335967,0.36819172113289705,0.008714596949891,4.609078269837584,30.6,256.0,0.05859375,10.0,5.0,12.0,8.0,30.6,10.0,0.032679738562091006,0.6666666666666661,0.33333333333333304,0.8,0.533333333333333,0.35714285714285704,0.011670013770218,48.70701523736939,4.0,,0.0008187758682980001,0.0,,,0.00435349186591,,0.033976376976695005,0.0,1717.0,0.0,0.0,1.0,0.472335468841001
GNEGATIVEPSEACC,0.36819172113289705,15.0,0.0,15.0,0.0,440.0,15.0,459.0,8.0,1615680.0,1.043181818181818,1.056644880174292,0.132080610021786,0.964785487477222,0.45076586569958405,0.05683240450033,0.2314150183814,1.324209100737556,12.866668772650186,59.666666666666664,152.0,169.0,17.20730120665831,43.12375002154282,63.70004824151883,168.87595244335967,0.36819172113289705,0.008714596949891,4.609078269837584,30.6,256.0,0.05859375,10.0,5.0,12.0,8.0,30.6,10.0,0.032679738562091006,0.6666666666666661,0.33333333333333304,0.8,0.533333333333333,0.35714285714285704,0.011670013770218,48.70701523736939,4.0,,0.006139727801119,0.0,,11.41153459106574,0.22726542879778103,2.367570947425031,0.19738424293560503,0.0,440.0,0.0,0.0,1.0,0.6681818181818181
GPOSITIVEGO,0.36257309941520405,6.0,0.0,6.0,0.0,912.0,6.0,171.0,4.0,623808.0,0.1875,1.011695906432748,0.252923976608187,0.9538936403541861,0.7377944158207841,0.27257363102820303,0.107829063721911,1.168388307597685,82.95245264521527,8.0,20.375,62.0,2.912295081967213,6.781288422131147,22.7438799815849,42.25381868338716,0.36257309941520405,0.011695906432748001,9.495402771186223,28.5,16.0,0.375,3.0,2.0,4.0,2.0,28.5,3.0,0.035087719298245,0.5,0.33333333333333304,0.6666666666666661,0.33333333333333304,0.5,0.0023301294042350003,26.656768996510685,2.0,,0.0025392491400650003,0.0,,,0.009579870729455,,0.055791735800047,0.0,912.0,0.0,0.0,1.0,0.494517543859649
GPOSITIVEPSEAAC,0.36257309941520405,6.0,0.0,6.0,0.0,440.0,6.0,171.0,4.0,300960.0,0.388636363636363,1.011695906432748,0.252923976608187,0.9538936403541861,0.7377944158207841,0.27257363102820303,0.107829063721911,1.168388307597685,82.95245264521527,8.0,20.375,62.0,2.912295081967213,6.781288422131147,22.7438799815849,42.25381868338716,0.36257309941520405,0.011695906432748001,9.495402771186223,28.5,16.0,0.375,3.0,2.0,4.0,2.0,28.5,3.0,0.035087719298245,0.5,0.33333333333333304,0.6666666666666661,0.33333333333333304,0.5,0.0023301294042350003,26.656768996510685,2.0,,0.0063932029920700005,0.0,,10.224516661556452,0.22726963051568302,2.35091081579183,0.19568291332016802,0.0,440.0,0.0,0.0,1.0,0.6295454545454541
HUMANGO,0.24023437500000003,54.0,0.0,54.0,0.0,9844.0,54.0,1024.0,14.0,141123584.0,0.10402275497765101,1.1611328125,0.08293805803571401,0.896038232534557,0.34198273270809404,0.051875962588491004,0.39844895511392403,1.126486000407428,6.343970673390699,53.333333333333336,169.66666666666666,246.0,14.072553772176091,44.03217207096348,126.91408350788744,427.07142857142856,0.24023437500000003,0.0205078125,2.531907506716276,18.962962962962962,1024.0,0.052734375,43.0,27.0,47.0,38.0,18.962962962962962,21.0,0.052734375,0.7962962962962961,0.5,0.87037037037037,0.703703703703703,0.23076923076923,0.020120609808806002,44.415947654369205,21.0,,0.00019196629532200002,0.0,,,0.002396070099806,,0.028645560331766,0.0,9844.0,0.0,0.0,1.0,0.5839089800893941
HUMANPSEAAC,0.24023437500000003,54.0,0.0,54.0,0.0,440.0,54.0,1024.0,14.0,6307840.0,2.327272727272727,1.1611328125,0.08293805803571401,0.896038232534557,0.34198273270809404,0.051875962588491004,0.39844895511392403,1.126486000407428,6.343970673390699,53.333333333333336,169.66666666666666,246.0,14.072553772176091,44.03217207096348,126.91408350788744,427.07142857142856,0.24023437500000003,0.0205078125,2.531907506716276,18.962962962962962,1024.0,0.052734375,43.0,27.0,47.0,38.0,18.962962962962962,21.0,0.052734375,0.7962962962962961,0.5,0.87037037037037,0.703703703703703,0.23076923076923,0.020120609808806002,44.415947654369205,21.0,,0.0008763900758150001,0.0,,20.60740746683585,0.227274067826704,2.8048053683711753,0.18795159500833,0.0,440.0,0.0,0.0,1.0,0.868181818181818
LANGLOG,0.118032786885245,163.0,0.0,163.0,0.0,1004.0,163.0,610.0,75.0,45933000.0,0.6075697211155371,1.229508196721311,0.016393442622950002,0.5236796108776091,0.10348358476692,0.0,0.8123319353364831,1.059955309334521,2.430313944122276,72.0,609.0,72.0,23.973870528168003,180.55334971967156,52.57461725542106,295.0,0.118032786885245,0.16393442622950802,1.244303198239548,3.742331288343558,610.0,0.26721311475409804,149.0,124.0,162.0,141.0,3.742331288343558,78.0,0.26721311475409804,0.914110429447852,0.760736196319018,0.9938650306748461,0.8650306748466251,0.028108108108108,0.054175191261487,8.043279370465283,100.0,,,0.0,,,0.18042420482006302,,0.34139784616960905,0.0,1004.0,0.0,0.0,1.0,0.081673306772908
MEDICAL,0.159523809523809,69.0,0.0,69.0,0.0,1449.0,69.0,420.0,45.0,27386100.0,0.289855072463768,1.271428571428571,0.028253968253968004,0.840094707471929,0.144519068311494,0.0,0.49110742049549105,1.039430940120004,1.51954254367722,113.0,419.0,67.0,41.4859077497181,129.3650123275321,40.147024184778395,198.13333333333333,0.159523809523809,0.078571428571428,2.33914435715537,6.086956521739131,420.0,0.164285714285714,59.0,39.0,68.0,52.0,6.086956521739131,24.0,0.164285714285714,0.8550724637681161,0.565217391304347,0.9855072463768111,0.753623188405797,0.024242424242424003,0.048585990934256,11.234959840662455,33.0,,0.0006321664685290001,1449.0,0.054135051000488,,,,,1449.0,0.0,1.0,1.0,0.0,
NG20,0.053548387096774,44.0,0.0,44.0,0.0,1006.0,44.0,7750.0,20.0,155930000.0,7.703777335984095,1.02916129032258,0.051458064516129005,0.30713599668045904,0.29249303065945403,0.27839542171535303,0.17650393471848402,0.041925436823135,106.1396619669461,1.142091152815013,19.777479892761395,415.0,1.069995888578617,18.4658876443293,147.86131991026085,3476.2,0.053548387096774,0.0016774193548380002,4.842007510774097,176.13636363636363,7750.0,0.0056774193548380005,19.0,16.0,22.0,19.0,176.13636363636363,187.0,0.0056774193548380005,0.43181818181818105,0.36363636363636304,0.5,0.43181818181818105,0.9842105263157891,4.39849233562839e-06,184.8777963595868,13.0,,,0.0,,57.33387160907999,0.032048098505739,6.604217496391573,0.16406519618394902,0.0,1006.0,0.0,0.0,1.0,0.9403578528827031
OHSUMED,0.08011444921316101,704.0,0.0,704.0,0.0,1002.0,704.0,5592.0,23.0,128873232.0,5.5808383233532926,1.66398426323319,0.07234714187970301,0.855996044347168,0.336268942745151,0.058705672476165004,0.8392135929490511,1.076810819876765,1.770087054379946,41.26315789473684,146.1578947368421,448.0,8.489801829863124,29.277405505481248,306.4917483805503,2391.4347826086955,0.08011444921316101,0.07170958512160201,1.1366659354574,7.943181818181818,5592.0,0.12589413447782502,632.0,487.0,684.0,584.0,7.943181818181818,92.0,0.12589413447782502,0.897727272727272,0.6917613636363631,0.9715909090909091,0.829545454545454,0.36363636363636304,0.068163832908377,32.66430772214429,401.0,,,0.0,,36.3736496424626,0.039636035511237004,5.831644970213637,0.179302524956329,0.0,1002.0,0.0,0.0,1.0,0.877245508982035
PLANTGO,0.270186335403726,22.0,0.0,22.0,0.0,3091.0,22.0,322.0,12.0,11943624.0,0.10417340666450901,1.0652173913043481,0.088768115942028,0.8589810370425981,0.38019466705458504,0.09645482910708601,0.24729335300010202,0.8963693565133771,10.58533206969448,22.75,79.5,87.0,6.990633139734723,23.736086494445946,31.93188147636677,132.41666666666666,0.270186335403726,0.015527950310559,4.3635742517719045,14.636363636363637,322.0,0.068322981366459,14.0,8.0,21.0,10.0,14.636363636363637,7.0,0.068322981366459,0.636363636363636,0.36363636363636304,0.954545454545454,0.45454545454545403,0.10606060606060601,0.005033404626672001,21.11773372514083,5.0,,0.0005670425497800001,0.0,,,0.006398058076845001,,0.048987487794125005,0.0,3091.0,0.0,0.0,1.0,0.5593659010029111
PLANTPSEAAC,0.270186335403726,22.0,0.0,22.0,0.0,440.0,22.0,322.0,12.0,1700160.0,0.731818181818181,1.0652173913043481,0.088768115942028,0.8589810370425981,0.38019466705458504,0.09645482910708601,0.24729335300010202,0.8963693565133771,10.58533206969448,22.75,79.5,87.0,6.990633139734723,23.736086494445946,31.93188147636677,132.41666666666666,0.270186335403726,0.015527950310559,4.3635742517719045,14.636363636363637,322.0,0.068322981366459,14.0,8.0,21.0,10.0,14.636363636363637,7.0,0.068322981366459,0.636363636363636,0.36363636363636304,0.954545454545454,0.45454545454545403,0.10606060606060601,0.005033404626672001,21.11773372514083,5.0,,0.0009027505776430001,0.0,,13.702475866990804,0.22726764539808003,2.565319230651466,0.19727627439167603,0.0,440.0,0.0,0.0,1.0,0.813636363636363
PROTEINS_HUMAN,0.27208976157082704,44.0,0.0,44.0,0.0,1538.0,44.0,713.0,14.0,15352316.0,0.463589076723016,1.298737727910238,0.092766980565017,0.911611201091102,0.38012020494500703,0.079581980351522,11.42193173021219,0.11907355262496401,-1.998134713982577,1.470833333333333,100.85714285714286,194.0,1.103880868174581,32.73217299688492,92.2748699871387,290.35760794197057,0.27208976157082704,0.021037868162692,0.025950388877273002,16.204545454545453,713.0,0.061711079943899,34.0,19.0,40.0,30.0,16.204545454545453,21.0,0.061711079943899,0.772727272727272,0.43181818181818105,0.9090909090909091,0.6818181818181811,0.23076923076923,0.005054482000763001,36.98438217401216,15.0,0.013659793017898,0.002821290265625,0.0,,26.1127632548311,15.760747351229316,2.022741584060654,15.16043984877125,0.0,1538.0,0.0,0.0,1.0,0.895968790637191
PROTEINS_PLANT,0.25347222222222204,23.0,0.0,23.0,0.0,1538.0,23.0,288.0,12.0,5315328.0,0.187256176853055,1.072916666666666,0.089409722222222,0.822100403711799,0.38055501718219703,0.10559103637519401,9.875107506140893,0.10125410285069701,-2.011232671816835,1.327102803738317,71.0,73.0,1.092306795815115,23.73964634245964,34.310606301910646,118.25,0.25347222222222204,0.03125,0.032460801116572,12.521739130434783,288.0,0.07986111111111101,17.0,10.0,22.0,12.0,12.521739130434783,5.0,0.07986111111111101,0.7391304347826081,0.43478260869565205,0.956521739130434,0.521739130434782,0.07575757575757501,0.003994578865163001,18.504686986103987,9.0,0.011375469231887,0.001480946509125,0.0,,11.831855461293403,12.443800113954195,1.319941413037341,6.618341888118196,0.0,1538.0,0.0,0.0,1.0,0.8914174252275681
PROTEINS_VIRUS,0.35483870967741904,11.0,0.0,11.0,0.0,1538.0,11.0,62.0,6.0,572136.0,0.040312093628088005,1.241935483870967,0.20698924731182702,0.9969954265557691,0.612441437722526,0.205592508185083,3.571028911686592,0.31221476788206504,-2.014093126918324,2.068965517241379,30.0,22.0,1.29865834664143,9.38621601897464,9.994949494949495,18.833333333333332,0.35483870967741904,0.048387096774193006,0.15226863812909502,5.636363636363637,62.0,0.17741935483870902,9.0,5.0,11.0,7.0,5.636363636363637,1.0,0.17741935483870902,0.818181818181818,0.45454545454545403,1.0,0.636363636363636,0.066666666666666,0.020977218293877,6.094300277125225,3.0,0.014227359823945001,0.005253069324758001,0.0,,3.9519335008823413,14.162656526196555,0.963546596387404,12.138600212112452,0.0,1538.0,0.0,0.0,1.0,0.286085825747724
REUTERSK500,0.06697171381031601,440.0,0.0,440.0,0.0,500.0,440.0,2404.0,103.0,123806000.0,4.808,1.457986688851913,0.014155210571377001,0.398769586036794,0.09182654791916,0.0,0.8090099824576891,1.46886206845151,5.106080741676092,190.0,2403.0,161.0,30.790692953386408,354.62941394146367,117.16827201313937,1167.9708737864078,0.06697171381031601,0.11522462562396,0.9485573483032941,5.463636363636364,2404.0,0.183028286189683,400.0,324.0,428.0,378.0,5.463636363636364,211.0,0.183028286189683,0.9090909090909091,0.7363636363636361,0.9727272727272721,0.859090909090909,0.040167523320007004,0.050478134721455,16.75704859711127,277.0,,,0.0,,,0.0012681949309480002,,0.008698026814728001,0.0,500.0,0.0,0.0,1.0,0.872
SCENE,0.170833333333333,14.0,0.0,14.0,0.0,294.0,14.0,960.0,6.0,1693440.0,3.2653061224489788,1.066666666666666,0.177777777777777,0.754034056197132,0.673575308046473,0.63530542242044,0.253717579915173,0.10028251644489301,12.446181060580303,1.35064935064935,5.233766233766234,164.0,1.230363435759838,4.678600472737715,42.85339709234194,309.3333333333333,0.170833333333333,0.0031249999999999997,4.097102302893197,68.57142857142857,64.0,0.21875000000000003,7.0,3.0,8.0,4.0,68.57142857142857,14.0,0.014583333333333,0.5,0.21428571428571402,0.5714285714285711,0.28571428571428503,0.9333333333333331,0.00029095290697700004,70.81940239159069,3.0,,0.038864819655664004,0.0,,8.3353410210055,0.30604994430980703,1.696055128569748,0.18144745438463603,0.0,294.0,0.0,0.0,1.0,0.561224489795918
SLASHDOT,0.137470542026708,156.0,26.0,156.0,0.26,1079.0,130.0,2546.0,22.0,60436948.0,2.359592215013902,1.175962293794187,0.053452831536099005,0.6187130167189351,0.262521804177037,0.0,0.411604218114247,2.295911209456958,4.175569053888732,195.5,1272.0,350.0,19.469705976743388,114.3428770443819,180.54474067210137,1136.909090909091,0.137470542026708,0.018460329929300003,2.548320964547306,19.584615384615386,2546.0,0.051060487038491004,105.0,67.0,118.0,94.0,19.584615384615386,57.0,0.051060487038491004,0.807692307692307,0.515384615384615,0.907692307692307,0.7230769230769231,0.24675324675324603,0.012500082073665,54.731903874935206,47.0,,,0.0,,229.63961714425116,0.007564610972744,14.470879065767955,0.077118414724004,0.0,1079.0,0.0,0.0,1.0,0.9972196478220571
STACKEX_CHESS,0.025373134328358003,501.0,0.0,501.0,0.0,585.0,501.0,670.0,227.0,88972650.0,1.145299145299145,2.394029850746268,0.010546387007692,0.790543994823736,0.069042003062926,0.0,1.209068944317108,0.8314512757874911,-0.43829453031028903,159.0,669.0,17.0,67.13866594677917,248.38005255502188,15.668050315729959,327.93392070484583,0.025373134328358003,0.650746268656716,0.927134375976824,1.337325349301397,670.0,0.7477611940298501,497.0,478.0,501.0,491.0,1.337325349301397,465.0,0.7477611940298501,0.992015968063872,0.954091816367265,1.0,0.9800399201596801,0.018127948228139002,0.24145417769643002,1.466860821821537,436.0,,0.000175108562612,0.0,,110.54689433910653,0.042584513330782,9.35622435100202,0.24290725445726202,0.0,585.0,0.0,0.0,1.0,1.0
STACKEX_CS,0.014527845036319001,2301.0,0.0,2301.0,0.0,635.0,2301.0,3717.0,274.0,646720830.0,5.853543307086614,2.558245897228948,0.009336663858499001,0.79500448599993,0.063985935086806,0.0,1.077292754058412,1.186572570716331,-0.49393662748850303,892.0,3716.0,54.0,96.09166602440196,397.96012108141963,47.063255709938964,1823.7956891449603,0.014527845036319001,0.492332526230831,1.7009174314062592,1.615384615384615,3717.0,0.6190476190476191,2274.0,2080.0,2300.0,2227.0,1.615384615384615,1234.0,0.6190476190476191,0.988265971316818,0.9039548022598871,0.9995654063450671,0.967840069534984,0.032993770220047,0.27134284679499304,2.411458178208316,1830.0,,0.000119936491982,0.0,,260.9693906179783,0.050738996608474,12.61718125026038,0.32606716327907304,0.0,635.0,0.0,0.0,1.0,1.0
STACKEX_PHILOSOPHY,0.050847457627118,1026.0,0.0,1026.0,0.0,842.0,1026.0,1593.0,233.0,312524298.0,1.891923990498812,2.256120527306968,0.009682920718055,0.7186517791371471,0.06553214642611001,0.0075830336938650005,1.150022619631925,0.9888463527838541,-0.41033753438431403,316.0,1592.0,81.0,74.90119297844444,376.5873430843736,73.70071802100559,781.0752676957593,0.050847457627118,0.55367231638418,1.025557763197983,1.5526315789473681,1593.0,0.644067796610169,1013.0,955.0,1024.0,997.0,1.5526315789473681,730.0,0.644067796610169,0.9873294346978551,0.9307992202729041,0.9980506822612081,0.9717348927875241,0.027009027675003003,0.226794043932755,3.436936435424292,882.0,,8.609980933592608e-05,0.0,,190.1302661758062,0.047710962300921006,11.456562866170863,0.296913277381104,0.0,842.0,0.0,0.0,1.0,1.0
TMC2007_500,0.091083580526958,796.0,0.0,796.0,0.0,500.0,796.0,11462.0,22.0,126082000.0,22.924,2.210696213575292,0.100486191526149,0.9749913871895161,0.363644547890048,0.09789198963519001,1.062162191682291,0.824696617064917,2.134671288189947,46.86206896551724,78.04827586206896,1044.0,17.471565916404526,28.506497066273198,629.3760774751485,4675.954545454545,0.091083580526958,0.031495376025126004,0.889613026787019,14.399497487437186,11462.0,0.06944686791135901,681.0,509.0,768.0,626.0,14.399497487437186,160.0,0.06944686791135901,0.8555276381909541,0.639447236180904,0.964824120603015,0.78643216080402,0.6926406926406921,0.194313915693266,68.24535399172626,361.0,,0.001804675071605,500.0,0.194391433106186,,,,,500.0,0.0,1.0,1.0,0.0,
VIRUSGO,0.29411764705882304,9.0,0.0,9.0,0.0,749.0,9.0,68.0,6.0,305592.0,0.09078771695594101,1.102941176470588,0.18382352941176403,0.936667381877563,0.609199221196709,0.26086290964720804,0.306141411201305,0.8205277782067151,5.297587658243396,8.0,21.666666666666668,20.0,3.531055900621117,9.004658385093169,6.339181286549707,21.5,0.29411764705882304,0.014705882352941001,3.776595521557352,7.555555555555555,64.0,0.140625,6.0,2.0,9.0,6.0,7.555555555555555,2.0,0.13235294117647,0.6666666666666661,0.22222222222222202,1.0,0.6666666666666661,0.133333333333333,0.0022528826549420003,7.04132423011327,1.0,,0.00208873115482,0.0,,,0.014882588549438,,0.06773378409582001,0.0,749.0,0.0,0.0,1.0,0.37650200267022704
VIRUS_PSEAAC,0.29411764705882304,9.0,0.0,9.0,0.0,440.0,9.0,68.0,6.0,179520.0,0.15454545454545401,1.102941176470588,0.18382352941176403,0.936667381877563,0.609199221196709,0.26086290964720804,0.306141411201305,0.8205277782067151,5.297587658243396,8.0,21.666666666666668,20.0,3.531055900621117,9.004658385093169,6.339181286549707,21.5,0.29411764705882304,0.014705882352941001,3.776595521557352,7.555555555555555,64.0,0.140625,6.0,2.0,9.0,6.0,7.555555555555555,2.0,0.13235294117647,0.6666666666666661,0.22222222222222202,1.0,0.6666666666666661,0.133333333333333,0.0022528826549420003,7.04132423011327,1.0,,0.005317633996086001,0.0,,7.384430773099108,0.22725762032085503,2.199722729426607,0.21612403721761803,0.0,440.0,0.0,0.0,1.0,0.34090909090909005
WATER_QUALITY,0.014326647564469,309.0,0.0,309.0,0.0,16.0,309.0,349.0,14.0,78176.0,21.8125,5.080229226361031,0.36287351616864505,0.9998519363143751,0.8997476574310461,0.734357781798558,2.164070226980695,0.324095789616045,-0.43478764999379205,2.805555555555555,3.8472222222222223,5.0,1.772158610544012,2.143717387118542,4.741639697950378,54.864014472229414,0.014326647564469,0.802292263610315,0.933969093711666,1.129449838187702,349.0,0.88538681948424,309.0,302.0,309.0,309.0,1.129449838187702,25.0,0.88538681948424,1.0,0.977346278317152,1.0,1.0,0.274725274725274,0.041144354454366004,0.46502951318281005,280.0,,0.027994088909187004,0.0,,23.656960602232648,3.047374835064464,3.129740156130899,0.8434132020366081,0.0,16.0,0.0,0.0,1.0,0.8125
YEAST,0.097207859358841,129.0,0.0,129.0,0.0,103.0,129.0,967.0,14.0,1394414.0,9.388349514563107,4.207859358841778,0.300561382774412,0.988297491729717,0.7071669201368731,0.069113405420598,1.572018611327831,2.3459403935792302,0.279766202146713,90.625,119.875,94.0,9.969240114240431,12.667003684585165,49.37065725921605,260.714953080182,0.097207859358841,0.047569803516028006,0.7826212083211681,7.496124031007752,967.0,0.133402275077559,107.0,70.0,125.0,97.0,7.496124031007752,53.0,0.133402275077559,0.8294573643410851,0.5426356589147281,0.9689922480620151,0.751937984496124,0.582417582417582,0.101913719797522,14.915848722630527,46.0,,0.00456974550374,0.0,,1.311860824491341,0.000317864047549,0.31521486323235304,0.09844754318399701,0.0,103.0,0.0,0.0,1.0,0.29126213592233
YELP,0.194109396914446,32.0,0.0,32.0,0.0,671.0,32.0,3565.0,5.0,11960575.0,5.312965722801788,1.620476858345021,0.32409537166900404,0.9789854150014451,0.8012297045113901,0.37573884289332404,0.940947952736474,0.971338351108721,0.06418337818207401,8.054054054054054,12.764478764478765,230.66666666666666,2.991368148440392,4.252565445593374,46.032428081148325,748.5002366882945,0.194109396914446,0.0,1.50433865578533,111.40625,32.0,1.0,9.0,0.0,19.0,3.0,111.40625,6.0,0.008976157082748001,0.28125,0.0,0.59375,0.09375000000000001,0.6000000000000001,0.033673489442849,157.79176534577937,0.0,,0.000907958431866,671.0,0.25836813358974003,,,,,671.0,0.0,1.0,1.0,0.0,
